{"spec":4,"id":"20251216214116-96xxwtd","name":"TODO","keyValues":[{"key":{"id":"20241127231309-jgde231","name":"项目内容","type":"block","icon":"1f30d","desc":"任务主键，可链接各种块类型或直接填写任务纯文本","numberFormat":"","template":""},"values":[{"id":"20251211144541-wa6hb6n","keyID":"20241127231309-jgde231","blockID":"20251211144541-yp670tr","type":"block","isDetached":true,"createdAt":1765435541225,"updatedAt":1766036770379,"block":{"content":"完成","created":1765435541225,"updated":1766036770379}},{"id":"20251216214517-jstyubx","keyID":"20241127231309-jgde231","blockID":"20251216214517-qpdds2t","type":"block","isDetached":true,"createdAt":1765892717245,"updatedAt":1765956422001,"block":{"content":"task1","created":1765892717245,"updated":1765956422001}},{"id":"20251216214552-87oqk0t","keyID":"20241127231309-jgde231","blockID":"20251216214552-7aiqhvf","type":"block","isDetached":true,"createdAt":1765892752575,"updatedAt":1766033398252,"block":{"content":"task2","created":1765892752575,"updated":1766033398252}},{"id":"20251216214705-c40ot0i","keyID":"20241127231309-jgde231","blockID":"20251216214705-jsqvq0h","type":"block","isDetached":true,"createdAt":1765892825228,"updatedAt":1766033401973,"block":{"content":"task3","created":1765892825228,"updated":1766033401973}},{"id":"20251216214737-tppwds8","keyID":"20241127231309-jgde231","blockID":"20251216214737-7580u36","type":"block","isDetached":true,"createdAt":1765892857840,"updatedAt":1766036801793,"block":{"content":"task3","created":1765892857840,"updated":1766036801793}},{"id":"20251217010616-x76abus","keyID":"20241127231309-jgde231","blockID":"20251217010616-85zezss","type":"block","isDetached":true,"createdAt":1765904776220,"updatedAt":1765904776220,"block":{"content":"","created":1765904776220,"updated":1765904776220}}]},{"key":{"id":"20241127231309-1gn9ty8","name":"I","type":"select","icon":"2b50","desc":"任务重要性，红色高，绿色中，蓝色低","options":[{"name":"🟥","color":"13","desc":""},{"name":"🟩","color":"6","desc":""},{"name":"🟦","color":"9","desc":""}],"numberFormat":"","template":""}},{"key":{"id":"20241127231309-5w6beuy","name":"状态","type":"select","icon":"1f501","desc":"任务的状态，除推迟、备忘、完成三种状态，其余均为任务正在进行的处理方式等，可删改","options":[{"name":"推迟","color":"1","desc":""},{"name":"正常","color":"7","desc":""},{"name":"修改一次","color":"11","desc":""},{"name":"预定","color":"5","desc":""},{"name":"搁置","color":"4","desc":""},{"name":"超前","color":"14","desc":""},{"name":"完成","color":"8","desc":""}],"numberFormat":"","template":""},"values":[{"id":"20251208212803-kh3ib98","keyID":"20241127231309-5w6beuy","blockID":"20251208212803-f9msn3m","type":"select","createdAt":1765200964445,"updatedAt":1765200965445,"mSelect":[{"content":"正常","color":"7"}]},{"id":"20251208214918-ualwui2","keyID":"20241127231309-5w6beuy","blockID":"20251208214918-xz3moz4","type":"select","createdAt":1765201785093,"updatedAt":1765349099514,"mSelect":[{"content":"推迟","color":"1"}]},{"id":"20251211144541-ns85uds","keyID":"20241127231309-5w6beuy","blockID":"20251211144541-yp670tr","type":"select","createdAt":1765460207906,"updatedAt":1765460208906,"mSelect":[{"content":"完成","color":"8"}]},{"id":"20251215214449-eovzh3y","keyID":"20241127231309-5w6beuy","blockID":"20251215214449-4778jkc","type":"select","createdAt":1765806289000,"updatedAt":1765806289000,"mSelect":[{"content":"正常","color":"7"}]},{"id":"20251216194859-e5puqwc","keyID":"20241127231309-5w6beuy","blockID":"20251210144603-fucq87r","type":"select","createdAt":1765885739685,"updatedAt":1765885769278,"mSelect":[{"content":"正常","color":"7"}]},{"id":"20251216214517-sg6ia83","keyID":"20241127231309-5w6beuy","blockID":"20251216214517-qpdds2t","type":"select","createdAt":1765892793739,"updatedAt":1765892794739,"mSelect":[{"content":"正常","color":"7"}]},{"id":"20251216214552-3ilribm","keyID":"20241127231309-5w6beuy","blockID":"20251216214552-7aiqhvf","type":"select","createdAt":1765892795677,"updatedAt":1766033398252,"mSelect":[{"content":"推迟","color":"1"}]},{"id":"20251216214705-8c3vzcc","keyID":"20241127231309-5w6beuy","blockID":"20251216214705-jsqvq0h","type":"select","createdAt":1765892832270,"updatedAt":1766033401973,"mSelect":[{"content":"正常","color":"7"}]},{"id":"20251216214737-p48h5t2","keyID":"20241127231309-5w6beuy","blockID":"20251216214737-7580u36","type":"select","createdAt":1765892872729,"updatedAt":1765892873729,"mSelect":[{"content":"完成","color":"8"}]}]},{"key":{"id":"20241127231309-4dl6nrq","name":"项目","type":"template","icon":"1f9f0","desc":"自动获取主键任务块所在的文档名称，纯文本主键显示无","numberFormat":"","template":"\u003c!-- 查询 h2 类型的祖先块 --\u003e\n.action{ $h2Blocks := queryBlocks `WITH RECURSIVE ancestors AS (\n    SELECT * FROM blocks WHERE id = '?' \n    UNION ALL \n    SELECT b.* FROM blocks b INNER JOIN ancestors a ON b.id = a.parent_id\n) SELECT * FROM ancestors WHERE type = 'h' AND subtype = 'h2'` .id }\n\n\n\u003c!-- 查询根文档 --\u003e\n.action{ $blocks := queryBlocks \"SELECT * FROM blocks WHERE id IN (SELECT root_id FROM blocks WHERE id='?')\" .id }\n.action{ if not (empty $blocks) }\n    .action{ $blockContenta := (first $blocks).Content | trim }\n\n    \u003c!-- 仅基于文档名生成哈希 --\u003e\n    .action{ $hashSeed := 0 }\n    .action{ range $idx, $char := splitList \"\" $blockContenta }\n\n        \u003c!-- 使用字符长度 + ASCII 值作为唯一标识 --\u003e\n        .action{ $charLen := len $char }\n        .action{ $charASCII := index $char 0 }\n        .action{ $charCode := add (mul $charLen 1000) $charASCII }\n\n        \u003c!-- 多层非线性扰动 --\u003e\n        .action{ $term1 := mul (pow 101 (mod $idx 7)) $charCode }\n        .action{ $term2 := mul (pow 67 $idx) (mod $charCode 29) }\n        .action{ $term3 := mul (pow 43 (mod $idx 5)) (mod $charCode 19) }\n        .action{ $diff := sub $term1 $term2 }\n        .action{ $hashSeed = add $hashSeed (add (mul $term1 $term3) (mul $diff 5)) }\n\n    .action{ end }\n\n    \u003c!-- 最终哈希合成 --\u003e\n    .action{ $finalHash := mod $hashSeed 4294967296 }\n\n    \u003c!-- 色相生成：直接映射到 0-360 --\u003e\n    .action{ $hue := mod $finalHash 360 }\n\n\u003c!-- 饱和度优化：范围 20%~100% --\u003e\n.action{ $saturation := mod (div $finalHash 360) 20 | add 80 }\n\n\u003c!-- 亮度优化：范围 5%~40% --\u003e\n.action{ $lightness := mod (div $finalHash 100000) 5 | add 35 }\n\n    \u003c!-- 最终颜色 --\u003e\n    .action{ $color := printf \"hsl(%d, %d%%, %d%%)\" $hue $saturation $lightness }\n\n    \u003c!-- 显示结果 --\u003e\n    .action{ if not (empty $h2Blocks) }\n        .action{ $h2Content := (first $h2Blocks).Content | trim }\n        \u003cspan style=\"color: .action{$color};\"\u003e.action{$blockContenta}\u003c/span\u003e\u003cspan style=\"color: #777;\"\u003e-.action{$h2Content}\u003c/span\u003e\n    .action{ else }\n        \u003cspan style=\"color: .action{$color};\"\u003e.action{$blockContenta}\u003c/span\u003e\n    .action{ end }\n\n\u003c!-- 如果没有根文档 --\u003e\n.action{ else }\n    无\n.action{ end }"}},{"key":{"id":"20241127231309-92c8wuf","name":"完成情况","type":"template","icon":"1f532","desc":"可自动识别任务块完成情况","numberFormat":"","template":".action{ if index . \"custom-avs\" }\n    .action{ $id := .id }   \n    .action{ $process := printf \"%v\" (index . \"状态\") }  \n    .action{ $completion := printf \"%s%s\" \"完\" \"成\" } \n    .action{ $done := len (queryBlocks \"SELECT * FROM blocks WHERE id = '?' AND (markdown LIKE '- [x]%' OR markdown LIKE '- [x]%') \" $id) }\n    \n    .action{ if and (or (eq $done 1) (or (contains $process $completion) (eq $process \"放弃\"))) (not (eq $process \"\")) }\n        ✅完成\n    .action{ else }\n        🔲\n    .action{ end }\n.action{ else }\n    .action{ $process := printf \"%v\" (index . \"状态\") } \n    .action{ $completion := printf \"%s%s\" \"完\" \"成\" }  \n\n    .action{ if and (or (contains $process $completion) (eq $process \"放弃\")) (not (eq $process \"\")) }\n        ✅完成\n    .action{ else }\n        🔲\n    .action{ end }\n.action{ end }"},"values":[{"id":"20251211144541-p3game1","keyID":"20241127231309-92c8wuf","blockID":"20251211144541-yp670tr","type":"template","template":{"content":"\n       \n      \n     \n    \n    \n    \n        🔲\n    \n"}},{"id":"20251215214449-igez4a7","keyID":"20241127231309-92c8wuf","blockID":"20251215214449-4778jkc","type":"template","template":{"content":"\n       \n      \n     \n    \n    \n    \n        🔲\n    \n"}},{"id":"20251216214517-xht4uy1","keyID":"20241127231309-92c8wuf","blockID":"20251216214517-qpdds2t","type":"template","template":{"content":"\n     \n      \n\n    \n        🔲\n    \n"}},{"id":"20251216214552-7q902ha","keyID":"20241127231309-92c8wuf","blockID":"20251216214552-7aiqhvf","type":"template","template":{"content":"\n     \n      \n\n    \n        🔲\n    \n"}},{"id":"20251216214705-9v4mrt7","keyID":"20241127231309-92c8wuf","blockID":"20251216214705-jsqvq0h","type":"template","template":{"content":"\n     \n      \n\n    \n        🔲\n    \n"}},{"id":"20251216214737-pee4pmr","keyID":"20241127231309-92c8wuf","blockID":"20251216214737-7580u36","type":"template","template":{"content":"\n     \n      \n\n    \n        🔲\n    \n"}}]},{"key":{"id":"20241127231309-uhksoq9","name":"创建时间","type":"created","icon":"","desc":"","numberFormat":"","template":"","created":{"includeTime":false}}},{"key":{"id":"20241127231309-kdxmjnw","name":"开始日","type":"date","icon":"1f5d3-fe0f","desc":"手动设置任务开始日期","numberFormat":"","template":"","date":{"autoFillNow":false,"fillSpecificTime":false}},"values":[{"id":"20251208161134-gm2xvex","keyID":"20241127231309-kdxmjnw","blockID":"20251208161134-4z1qsoi","type":"date","createdAt":1765181507033,"updatedAt":1765181508033,"date":{"content":1765181460000,"isNotEmpty":true,"hasEndDate":false,"isNotTime":true,"content2":0,"isNotEmpty2":false,"formattedContent":""}},{"id":"20251208212803-me9luta","keyID":"20241127231309-kdxmjnw","blockID":"20251208212803-f9msn3m","type":"date","createdAt":1765200970146,"updatedAt":1765200971146,"date":{"content":1765200960000,"isNotEmpty":true,"hasEndDate":false,"isNotTime":true,"content2":0,"isNotEmpty2":false,"formattedContent":""}},{"id":"20251208214918-7huozsw","keyID":"20241127231309-kdxmjnw","blockID":"20251208214918-xz3moz4","type":"date","createdAt":1765201775475,"updatedAt":1765201776475,"date":{"content":1765201740000,"isNotEmpty":true,"hasEndDate":false,"isNotTime":true,"content2":0,"isNotEmpty2":false,"formattedContent":""}},{"id":"20251211144541-k12lqjj","keyID":"20241127231309-kdxmjnw","blockID":"20251211144541-yp670tr","type":"date","createdAt":1765435541000,"updatedAt":1765435541000,"date":{"content":1765201740000,"isNotEmpty":true,"hasEndDate":false,"isNotTime":true,"content2":0,"isNotEmpty2":false,"formattedContent":""}},{"id":"20251215214449-07d3gtd","keyID":"20241127231309-kdxmjnw","blockID":"20251215214449-4778jkc","type":"date","createdAt":1765806289000,"updatedAt":1765806289000,"date":{"content":1765634100000,"isNotEmpty":true,"hasEndDate":false,"isNotTime":true,"content2":0,"isNotEmpty2":false,"formattedContent":""}},{"id":"20251216194821-l0xq4z9","keyID":"20241127231309-kdxmjnw","blockID":"20251210144603-fucq87r","type":"date","createdAt":1765885701670,"updatedAt":1765885765580,"date":{"content":1765728000000,"isNotEmpty":true,"hasEndDate":false,"isNotTime":false,"content2":0,"isNotEmpty2":false,"formattedContent":""}},{"id":"20251216214517-d4tvoes","keyID":"20241127231309-kdxmjnw","blockID":"20251216214517-qpdds2t","type":"date","createdAt":1765892797356,"updatedAt":1765956421982,"date":{"content":1765814400000,"isNotEmpty":true,"hasEndDate":false,"isNotTime":true,"content2":0,"isNotEmpty2":false,"formattedContent":""}},{"id":"20251216214552-p3p841m","keyID":"20241127231309-kdxmjnw","blockID":"20251216214552-7aiqhvf","type":"date","createdAt":1765892798512,"updatedAt":1766033395745,"date":{"content":1765728000000,"isNotEmpty":true,"hasEndDate":false,"isNotTime":true,"content2":0,"isNotEmpty2":false,"formattedContent":""}},{"id":"20251216214705-38t9bt0","keyID":"20241127231309-kdxmjnw","blockID":"20251216214705-jsqvq0h","type":"date","createdAt":1765892939784,"updatedAt":1765958766046,"date":{"content":1765900800000,"isNotEmpty":true,"hasEndDate":false,"isNotTime":true,"content2":0,"isNotEmpty2":false,"formattedContent":""}},{"id":"20251216214737-dmd4xqc","keyID":"20241127231309-kdxmjnw","blockID":"20251216214737-7580u36","type":"date","createdAt":1766036726123,"updatedAt":1766036727123,"date":{"content":1766036700000,"isNotEmpty":true,"hasEndDate":false,"isNotTime":true,"content2":0,"isNotEmpty2":false,"formattedContent":""}}]},{"key":{"id":"20241127231309-oa9jcwk","name":"截止日","type":"date","icon":"1f5d3-fe0f","desc":"手动设置任务截止日期","numberFormat":"","template":""},"values":[{"id":"20251208161134-5nrfvss","keyID":"20241127231309-oa9jcwk","blockID":"20251208161134-4z1qsoi","type":"date","createdAt":1765181516130,"updatedAt":1765181517130,"date":{"content":1765468800000,"isNotEmpty":true,"hasEndDate":false,"isNotTime":true,"content2":0,"isNotEmpty2":false,"formattedContent":""}},{"id":"20251208212803-zwsnqwa","keyID":"20241127231309-oa9jcwk","blockID":"20251208212803-f9msn3m","type":"date","createdAt":1765200991269,"updatedAt":1765200992269,"date":{"content":1765209600000,"isNotEmpty":true,"hasEndDate":false,"isNotTime":true,"content2":0,"isNotEmpty2":false,"formattedContent":""}},{"id":"20251208214918-h3v7ta2","keyID":"20241127231309-oa9jcwk","blockID":"20251208214918-xz3moz4","type":"date","createdAt":1765201779640,"updatedAt":1765201780640,"date":{"content":1765209600000,"isNotEmpty":true,"hasEndDate":false,"isNotTime":true,"content2":0,"isNotEmpty2":false,"formattedContent":""}},{"id":"20251211144541-9fsnpao","keyID":"20241127231309-oa9jcwk","blockID":"20251211144541-yp670tr","type":"date","createdAt":1765435541000,"updatedAt":1765435541000,"date":{"content":1765209600000,"isNotEmpty":true,"hasEndDate":false,"isNotTime":true,"content2":0,"isNotEmpty2":false,"formattedContent":""}},{"id":"20251215214449-m8btx49","keyID":"20241127231309-oa9jcwk","blockID":"20251215214449-4778jkc","type":"date","createdAt":1765806289000,"updatedAt":1765806289000,"date":{"content":1765814400000,"isNotEmpty":true,"hasEndDate":false,"isNotTime":true,"content2":0,"isNotEmpty2":false,"formattedContent":""}},{"id":"20251216194821-0uqq7tu","keyID":"20241127231309-oa9jcwk","blockID":"20251210144603-fucq87r","type":"date","createdAt":1765885701806,"updatedAt":1765885765599,"date":{"content":1765987200000,"isNotEmpty":true,"hasEndDate":false,"isNotTime":false,"content2":0,"isNotEmpty2":false,"formattedContent":""}},{"id":"20251216214517-vgu881s","keyID":"20241127231309-oa9jcwk","blockID":"20251216214517-qpdds2t","type":"date","createdAt":1765892797412,"updatedAt":1765956422001,"date":{"content":1765987200000,"isNotEmpty":true,"hasEndDate":false,"isNotTime":true,"content2":0,"isNotEmpty2":false,"formattedContent":""}},{"id":"20251216214552-8tsmcbc","keyID":"20241127231309-oa9jcwk","blockID":"20251216214552-7aiqhvf","type":"date","createdAt":1765892799794,"updatedAt":1766033395790,"date":{"content":1766073600000,"isNotEmpty":true,"hasEndDate":false,"isNotTime":true,"content2":0,"isNotEmpty2":false,"formattedContent":""}},{"id":"20251216214705-nf2mqc6","keyID":"20241127231309-oa9jcwk","blockID":"20251216214705-jsqvq0h","type":"date","createdAt":1765892941520,"updatedAt":1765958766187,"date":{"content":1765987200000,"isNotEmpty":true,"hasEndDate":false,"isNotTime":true,"content2":0,"isNotEmpty2":false,"formattedContent":""}},{"id":"20251216214737-j64nsjc","keyID":"20241127231309-oa9jcwk","blockID":"20251216214737-7580u36","type":"date","createdAt":1766036801793,"updatedAt":1766036802793,"date":{"content":1766036760000,"isNotEmpty":true,"hasEndDate":false,"isNotTime":true,"content2":0,"isNotEmpty2":false,"formattedContent":""}}]},{"key":{"id":"20241127231309-apkvit5","name":"还有","type":"template","icon":"26a0-fe0f","desc":"自动根据开始和截止日期计算还有多少天，带有↑箭头的输出会到今天页面","numberFormat":"","template":".action{$startTime := .开始日}\n.action{$endTime := .截止日}\n.action{$remainingDays := 0.0}  \u003c!-- 初始化为浮点数 --\u003e\n\n.action{if not (eq $endTime nil)}\n    .action{$remainingDays := 0.0}  \u003c!-- 初始化为浮点数 --\u003e\n\n    .action{if not (eq $startTime nil)}\n        .action{$nowdate := now}\n\n        .action{$startTimeParsed := $startTime}\n        .action{$endTimeParsed := $endTime}\n\n        \u003c!-- 将 $endTimeParsed 的时间部分设置为23:59分 --\u003e\n        .action{$endTimeParsed = parseTime (printf \"%04d-%02d-%02d 23:59:00\" $endTimeParsed.Year $endTimeParsed.Month $endTimeParsed.Day)}\n\n        .action{if ne $startTimeParsed nil}\n            .action{if $nowdate.Before $startTimeParsed}\n                \u003c!-- 当前时间在开始时间之前，按照只有开始时间的逻辑处理 --\u003e\n                .action{$remainingDuration := $startTimeParsed.Sub $nowdate}\n                .action{$remainingDays = divf $remainingDuration.Hours 24}\n                .action{if eq 0 $startTimeParsed.Minute $startTimeParsed.Hour }\n                    .action{$remainingDays = ceil $remainingDays}\n                .action{end}\n                .action{$remainingDays = floor $remainingDays}\n                .action{if eq (int $remainingDays) 0}\n                    \u003cspan style=\"color:#7ca67c;\"\u003e↑开始\u003c/span\u003e\n                .action{else}\n                    .action{if eq $remainingDays 1.0}\n                        \u003cspan style=\"color:#999999;\"\u003e明天\u003c/span\u003e\n                    .action{else if eq $remainingDays 2.0}\n                        \u003cspan style=\"color:#999999;\"\u003e后天\u003c/span\u003e\n                    .action{else}\n                        \u003cspan style=\"color:#999999;\"\u003e.action{$remainingDays}天后\u003c/span\u003e\n                    .action{end}\n                .action{end}\n            .action{else}\n                \u003c!-- 当前时间在开始时间之后，按照原有逻辑处理 --\u003e\n                .action{$remainingDuration := $endTimeParsed.Sub $nowdate}\n                .action{$remainingDays = divf $remainingDuration.Hours 24}\n                .action{if eq 0 $endTimeParsed.Minute $endTimeParsed.Hour }\n                    .action{$remainingDays = ceil $remainingDays}\n                .action{end}\n                .action{$remainingDays = floor $remainingDays}\n                .action{if and (ge $remainingDays 0.0) (lt $remainingDays 1.0)}\n                    \u003cspan style=\"color:#0099e6;\"\u003e↑截止\u003c/span\u003e\n                .action{else if eq $remainingDays 1.0}\n                    \u003cspan style=\"color:#5fc25f;\"\u003e↑至明天\u003c/span\u003e\n                .action{else if eq $remainingDays 2.0}\n                    \u003cspan style=\"color:#5fc25f;\"\u003e↑至后天\u003c/span\u003e\n                .action{else if gt $remainingDays 0.0}\n                    \u003cspan style=\"color:#5fc25f;\"\u003e↑余.action{$remainingDays}天\u003c/span\u003e\n                .action{else}\n                    \u003cspan style=\"color:#bf3000;\"\u003e↑过期\u003c/span\u003e\n                .action{end}\n            .action{end}\n        .action{end}\n    .action{else}\n        \u003c!-- 只有截止时间的情况 --\u003e\n        .action{$nowdate := now}\n\n        .action{$endTimeParsed := $endTime}\n\n        \u003c!-- 将 $endTimeParsed 的时间部分设置为23:59分 --\u003e\n        .action{$endTimeParsed = parseTime (printf \"%04d-%02d-%02d 23:59:00\" $endTimeParsed.Year $endTimeParsed.Month $endTimeParsed.Day)}\n\n        .action{if ne $endTimeParsed nil}\n            .action{$remainingDuration := $endTimeParsed.Sub $nowdate}\n            .action{$remainingDays = divf $remainingDuration.Hours 24}\n            .action{if eq 0 $endTimeParsed.Minute $endTimeParsed.Hour }\n                .action{$remainingDays = ceil $remainingDays}\n            .action{end}\n            .action{$remainingDays = floor $remainingDays}\n            .action{if and (ge $remainingDays 0.0) (lt $remainingDays 1.0)}\n                \u003cspan style=\"color:#05ba05;\"\u003e↑今天\u003c/span\u003e\n            .action{else if eq $remainingDays 1.0}\n                \u003cspan style=\"color:#5fc25f;\"\u003e明天止\u003c/span\u003e\n            .action{else if eq $remainingDays 2.0}\n                \u003cspan style=\"color:#5fc25f;\"\u003e后天止\u003c/span\u003e\n            .action{else if gt $remainingDays 0.0}\n                \u003cspan style=\"color:#5fc25f;\"\u003e余.action{$remainingDays}天\u003c/span\u003e\n            .action{else}\n                .action{$remainingText := sub 0 $remainingDays}\n                \u003cspan style=\"color:#bf3000;\"\u003e↑过期\u003c/span\u003e\n            .action{end}\n        .action{end}\n    .action{end}\n.action{else}\n    \u003c!-- 只有开始时间的情况 --\u003e\n    .action{if not (eq $startTime nil)}\n        .action{$nowdate := now}\n        .action{$startTimeParsed := $startTime}\n\n        \u003c!-- 将 $startTimeParsed 的时间部分设置为23:59分 --\u003e\n        .action{$startTimeParsed = parseTime (printf \"%04d-%02d-%02d 23:59:00\" $startTimeParsed.Year $startTimeParsed.Month $startTimeParsed.Day)}\n\n        .action{if $nowdate.After $startTimeParsed}\n            \u003cspan style=\"color:#5fc25f;\"\u003e↑开始\u003c/span\u003e\n        .action{else}\n            .action{$remainingDuration := $startTimeParsed.Sub $nowdate}\n            .action{$remainingDays = divf $remainingDuration.Hours 24}\n            .action{if eq 0 $startTimeParsed.Minute $startTimeParsed.Hour }\n                .action{$remainingDays = ceil $remainingDays}\n            .action{end}\n            .action{$remainingDays = floor $remainingDays}\n            .action{if eq (int $remainingDays) 0}\n                \u003cspan style=\"color:#5fc25f;\"\u003e↑开始\u003c/span\u003e\n            .action{else if eq $remainingDays 1.0}\n                \u003cspan style=\"color:#999999;\"\u003e明天\u003c/span\u003e\n            .action{else if eq $remainingDays 2.0}\n                \u003cspan style=\"color:#999999;\"\u003e后天\u003c/span\u003e\n            .action{else}\n                \u003cspan style=\"color:#999999;\"\u003e.action{$remainingDays}天后\u003c/span\u003e\n            .action{end}\n        .action{end}\n    .action{else}\n        \u003c!-- 同时没有开始和截止时间的情况 --\u003e\n        \u003cspan style=\"color:#e67300;\"\u003e待定\u003c/span\u003e\n    .action{end}\n.action{end}"}},{"key":{"id":"20241127231309-tuam05v","name":"时段","type":"select","icon":"1f557","desc":"手动设置任务处理的时段，可自定义","options":[{"name":"现在","color":"6","desc":""},{"name":"上午","color":"5","desc":""},{"name":"下午","color":"4","desc":""},{"name":"晚上","color":"11","desc":""},{"name":"明天","color":"10","desc":""}],"numberFormat":"","template":""}},{"key":{"id":"20241127231309-7mts75o","name":"更新时间","type":"updated","icon":"","desc":"","numberFormat":"","template":"","updated":{"includeTime":false}}},{"key":{"id":"20241127231309-ycrbbum","name":"本周","type":"template","icon":"1f4a0","desc":"","numberFormat":"","template":".action{$startTime := .开始日}\n.action{$endTime := .截止日}\n\n.action{$now := now}\n.action{$weekday := Weekday now}\n.action{$monday_delta := sub $weekday 1}\n.action{if eq $weekday -1}\n  .action{$monday_delta := 6}\n.action{end}\n.action{$monday := $now.AddDate 0 0 (mul -1 $monday_delta | int)}\n.action{$sunday := $monday.AddDate 0 0 6}\n\n.action{if and (eq $startTime nil) (eq $endTime nil)}\n    \u003cspan\u003e待定→\u003c/span\u003e\n.action{else if or (and (not (eq $startTime nil)) ($startTime.Before $monday) (not (eq $endTime nil)) ($endTime.After $sunday)) (and (not (eq $startTime nil)) ($startTime.After $monday) ($startTime.Before $sunday)) (and (not (eq $endTime nil)) ($endTime.After $monday) ($endTime.Before $sunday))}\n    \u003cspan\u003e本周\u003c/span\u003e\n.action{else}\n    \u003cspan\u003e非本周→\u003c/span\u003e\n.action{end}"}},{"key":{"id":"20241127231309-9jnwwui","name":"优先","type":"checkbox","icon":"1f51d","desc":"手动选择最高优先的任务，点选后在今天页面会排到顶部","numberFormat":"","template":""},"values":[{"id":"20251211144541-umxzdbt","keyID":"20241127231309-9jnwwui","blockID":"20251211144541-yp670tr","type":"checkbox","createdAt":1765460201811,"updatedAt":1766036770379,"checkbox":{"checked":true}},{"id":"20251216214517-obyjaz6","keyID":"20241127231309-9jnwwui","blockID":"20251216214517-qpdds2t","type":"checkbox","createdAt":1765892717000,"updatedAt":1765892717000,"checkbox":{"checked":false}},{"id":"20251216214552-xkhrkjo","keyID":"20241127231309-9jnwwui","blockID":"20251216214552-7aiqhvf","type":"checkbox","createdAt":1765892752000,"updatedAt":1765892752000,"checkbox":{"checked":false}},{"id":"20251216214705-qw2kpxb","keyID":"20241127231309-9jnwwui","blockID":"20251216214705-jsqvq0h","type":"checkbox","createdAt":1765892825000,"updatedAt":1765892825000,"checkbox":{"checked":false}},{"id":"20251216214737-ypvbxzi","keyID":"20241127231309-9jnwwui","blockID":"20251216214737-7580u36","type":"checkbox","createdAt":1765892857000,"updatedAt":1765892857000,"checkbox":{"checked":false}},{"id":"20251217010616-oegmowq","keyID":"20241127231309-9jnwwui","blockID":"20251217010616-85zezss","type":"checkbox","createdAt":1765904776000,"updatedAt":1765904776000,"checkbox":{"checked":false}}]},{"key":{"id":"20251208161930-95zikx4","name":"属性","type":"mSelect","icon":"2699-fe0f","desc":"","options":[{"name":"机械","color":"1","desc":""},{"name":"机构","color":"2","desc":""},{"name":"控制","color":"3","desc":""},{"name":"论文","color":"4","desc":""},{"name":"作业","color":"5","desc":""},{"name":"学习","color":"6","desc":""},{"name":"其他","color":"7","desc":""}],"numberFormat":"","template":""},"values":[{"id":"20251208212803-doo8awx","keyID":"20251208161930-95zikx4","blockID":"20251208212803-f9msn3m","type":"mSelect","createdAt":1765200961656,"updatedAt":1765200962656,"mSelect":[{"content":"学习","color":"6"}]},{"id":"20251208214918-h87ce28","keyID":"20251208161930-95zikx4","blockID":"20251208214918-xz3moz4","type":"mSelect","createdAt":1765201781208,"updatedAt":1765201782208,"mSelect":[{"content":"学习","color":"6"}]}]}],"keyIDs":["20241127231309-jgde231","20241127231309-1gn9ty8","20241127231309-5w6beuy","20241127231309-4dl6nrq","20241127231309-92c8wuf","20241127231309-ycrbbum","20241127231309-oa9jcwk","20241127231309-apkvit5","20241127231309-tuam05v","20241127231309-7mts75o","20241127231309-9jnwwui","20241127231309-uhksoq9","20241127231309-kdxmjnw","20251208161930-95zikx4","20251213191124-85hmtff"],"viewID":"20251208160846-bxj3flm","views":[{"id":"20251208160846-bxj3flm","icon":"1f9b0","name":"全部","hideAttrViewName":false,"desc":"","filters":[{"column":"20241127231309-9jnwwui","operator":"Is false","value":{"type":"checkbox","checkbox":{"checked":false}}}],"sorts":[{"column":"20241127231309-1gn9ty8","order":"ASC"}],"pageSize":50,"type":"table","table":{"spec":0,"id":"20251208160848-1h0rqke","showIcon":true,"wrapField":false,"columns":[{"id":"20241127231309-9jnwwui","wrap":false,"hidden":false,"pin":false,"width":"35px"},{"id":"20241127231309-1gn9ty8","wrap":false,"hidden":false,"pin":false,"width":"44px"},{"id":"20241127231309-92c8wuf","wrap":false,"hidden":false,"pin":false,"width":"33px"},{"id":"20241127231309-4dl6nrq","wrap":false,"hidden":false,"pin":false,"width":"95px"},{"id":"20241127231309-jgde231","wrap":false,"hidden":false,"pin":false,"width":"120px"},{"id":"20241127231309-5w6beuy","wrap":false,"hidden":false,"pin":false,"width":"70px"},{"id":"20241127231309-apkvit5","wrap":false,"hidden":false,"pin":false,"width":"80px"},{"id":"20241127231309-kdxmjnw","wrap":false,"hidden":false,"pin":false,"width":"107px"},{"id":"20241127231309-oa9jcwk","wrap":false,"hidden":false,"pin":false,"width":"107px"},{"id":"20251208161930-95zikx4","wrap":false,"hidden":false,"pin":false,"width":""},{"id":"20241127231309-ycrbbum","wrap":false,"hidden":false,"pin":false,"width":"78px"},{"id":"20241127231309-uhksoq9","wrap":false,"hidden":false,"pin":false,"width":"111px"},{"id":"20241127231309-7mts75o","wrap":false,"hidden":false,"pin":false,"width":"105px"},{"id":"20241127231309-tuam05v","wrap":false,"hidden":false,"pin":false,"width":"72px"}],"rowIds":null},"itemIds":["20251216214517-qpdds2t","20251216214552-7aiqhvf","20251216214737-7580u36","20251217010616-85zezss","20251216214705-jsqvq0h","20251215214449-4778jkc","20251213192258-7bohljm","20251213192231-xdi4hke","20251213192144-7ujc2s8","20251211202612-xfoqmqt","20251209103817-r7p5mgb","20251209103638-0rijno6","20251208214918-xz3moz4","20251211144541-yp670tr","20251208212803-f9msn3m","20251208161134-4z1qsoi","20250515164620-ivyu91o","20250508143731-wcrf9ko"],"groupCreated":0,"groupItemIds":null,"groupFolded":false,"groupHidden":0,"groupSort":0},{"id":"20241127231309-9elm8zj","icon":"1f51c","name":"未开始","hideAttrViewName":false,"desc":"没有到开始日期的任务","filters":[{"column":"20241127231309-92c8wuf","operator":"Contains","value":{"type":"template","mSelect":[{"content":"备忘","color":"4"}],"template":{"content":"🔲"},"checkbox":{"checked":false}}},{"column":"20241127231309-5w6beuy","operator":"!=","value":{"type":"select","mSelect":[{"content":"推迟","color":"1"},{"content":"修改一次","color":"11"},{"content":"完成","color":"8"}],"template":{"content":"TODO"},"checkbox":{"checked":false}}},{"column":"20241127231309-apkvit5","operator":"Does not contains","value":{"type":"template","mSelect":[{"content":"暂缓","color":"1"},{"content":"备忘","color":"4"},{"content":"完成","color":"7"}],"template":{"content":"↑"}}},{"column":"20241127231309-ycrbbum","operator":"Contains","value":{"type":"template","template":{"content":"→"}}}],"sorts":[{"column":"20241127231309-1gn9ty8","order":"ASC"}],"pageSize":50,"type":"table","table":{"spec":0,"id":"20241127231309-bxmxvh9","showIcon":true,"wrapField":false,"filters":[{"column":"20241127231309-92c8wuf","operator":"Contains","value":{"type":"template","mSelect":[{"content":"备忘","color":"4"}],"template":{"content":"🔲"},"checkbox":{"checked":false}}},{"column":"20241127231309-5w6beuy","operator":"!=","value":{"type":"select","mSelect":[{"content":"推迟","color":"1"},{"content":"备忘","color":"4"},{"content":"完成","color":"6"}],"template":{"content":"TODO"},"checkbox":{"checked":false}}},{"column":"20241127231309-apkvit5","operator":"Does not contains","value":{"type":"template","mSelect":[{"content":"暂缓","color":"1"},{"content":"备忘","color":"4"},{"content":"完成","color":"7"}],"template":{"content":"↑"}}},{"column":"20241127231309-ycrbbum","operator":"Contains","value":{"type":"template","template":{"content":"→"}}}],"sorts":[{"column":"20241127231309-uhksoq9","order":"ASC"},{"column":"20241127231309-4dl6nrq","order":"DESC"},{"column":"20241127231309-9jnwwui","order":"DESC"},{"column":"20241127231309-5w6beuy","order":"ASC"},{"column":"20241127231309-1gn9ty8","order":"ASC"},{"column":"20241127231309-oa9jcwk","order":"ASC"}],"pageSize":50,"columns":[{"id":"20241127231309-9jnwwui","wrap":false,"hidden":false,"pin":false,"width":"35px"},{"id":"20241127231309-1gn9ty8","wrap":false,"hidden":false,"pin":false,"width":"44px"},{"id":"20241127231309-92c8wuf","wrap":false,"hidden":true,"pin":false,"width":"33px","calc":{"operator":"Count values","result":null}},{"id":"20241127231309-4dl6nrq","wrap":false,"hidden":false,"pin":false,"width":"237px","calc":{"operator":"Count all","result":null}},{"id":"20241127231309-jgde231","wrap":true,"hidden":false,"pin":false,"width":"269px","calc":{"operator":"","result":null}},{"id":"20251208161930-95zikx4","wrap":false,"hidden":false,"pin":false,"width":"85px"},{"id":"20241127231309-5w6beuy","wrap":false,"hidden":false,"pin":false,"width":"70px"},{"id":"20241127231309-apkvit5","wrap":false,"hidden":false,"pin":false,"width":"80px"},{"id":"20241127231309-uhksoq9","wrap":false,"hidden":true,"pin":false,"width":""},{"id":"20241127231309-7mts75o","wrap":false,"hidden":true,"pin":false,"width":""},{"id":"20241127231309-kdxmjnw","wrap":false,"hidden":false,"pin":false,"width":"107px"},{"id":"20241127231309-oa9jcwk","wrap":false,"hidden":false,"pin":false,"width":"107px"},{"id":"20241127231309-ycrbbum","wrap":false,"hidden":true,"pin":false,"width":"78px"},{"id":"20241127231309-tuam05v","wrap":false,"hidden":true,"pin":false,"width":"72px"}],"rowIds":["20250515164620-ivyu91o","20250508143731-wcrf9ko"]},"itemIds":["20251216214517-qpdds2t","20251216214552-7aiqhvf","20251216214737-7580u36","20251217010616-85zezss","20251216214705-jsqvq0h","20251215214449-4778jkc","20251213192258-7bohljm","20251213192231-xdi4hke","20251213192144-7ujc2s8","20251211202612-xfoqmqt","20251209103817-r7p5mgb","20251209103638-0rijno6","20251208214918-xz3moz4","20251211144541-yp670tr","20251208212803-f9msn3m","20251208161134-4z1qsoi","20250515164620-ivyu91o","20250508143731-wcrf9ko"],"groupCreated":0,"groupItemIds":null,"groupFolded":false,"groupHidden":0,"groupSort":0},{"id":"20241127231309-k9v939t","icon":"27a1-fe0f","name":"本周","hideAttrViewName":true,"desc":"自动根据日期筛选本周任务","filters":[{"column":"20241127231309-92c8wuf","operator":"Contains","value":{"type":"template","mSelect":[{"content":"备忘","color":"4"}],"template":{"content":"🔲"},"checkbox":{"checked":false}}},{"column":"20241127231309-5w6beuy","operator":"!=","value":{"type":"select","mSelect":[{"content":"修改一次","color":"11"},{"content":"完成","color":"8"}],"template":{"content":"TODO"},"checkbox":{"checked":false}}},{"column":"20241127231309-ycrbbum","operator":"Does not contains","value":{"type":"template","mSelect":[{"content":"暂缓","color":"1"},{"content":"备忘","color":"4"},{"content":"完成","color":"7"}],"template":{"content":"→"}}}],"sorts":[{"column":"20241127231309-4dl6nrq","order":"ASC"},{"column":"20241127231309-9jnwwui","order":"DESC"},{"column":"20241127231309-5w6beuy","order":"ASC"},{"column":"20241127231309-1gn9ty8","order":"ASC"},{"column":"20241127231309-oa9jcwk","order":"ASC"}],"pageSize":50,"type":"table","table":{"spec":0,"id":"20241127231309-ti7nkrp","showIcon":true,"wrapField":false,"filters":[{"column":"20241127231309-92c8wuf","operator":"Contains","value":{"type":"template","mSelect":[{"content":"备忘","color":"4"}],"template":{"content":"🔲"},"checkbox":{"checked":false}}},{"column":"20241127231309-5w6beuy","operator":"!=","value":{"type":"select","mSelect":[{"content":"推迟","color":"1"},{"content":"备忘","color":"4"},{"content":"完成","color":"6"}],"template":{"content":"TODO"},"checkbox":{"checked":false}}},{"column":"20241127231309-ycrbbum","operator":"Does not contains","value":{"type":"template","mSelect":[{"content":"暂缓","color":"1"},{"content":"备忘","color":"4"},{"content":"完成","color":"7"}],"template":{"content":"→"}}},{"column":"20241127231309-apkvit5","operator":"Does not contains","value":{"type":"template","template":{"content":"↑"}}}],"sorts":[{"column":"20241127231309-4dl6nrq","order":"ASC"},{"column":"20241127231309-9jnwwui","order":"DESC"},{"column":"20241127231309-5w6beuy","order":"ASC"},{"column":"20241127231309-1gn9ty8","order":"ASC"},{"column":"20241127231309-oa9jcwk","order":"ASC"}],"pageSize":50,"columns":[{"id":"20241127231309-9jnwwui","wrap":false,"hidden":false,"pin":false,"width":"34px"},{"id":"20241127231309-1gn9ty8","wrap":false,"hidden":false,"pin":false,"width":"42px"},{"id":"20241127231309-92c8wuf","wrap":false,"hidden":true,"pin":false,"width":"33px","calc":{"operator":"Count values","result":null}},{"id":"20241127231309-4dl6nrq","wrap":false,"hidden":false,"pin":false,"width":"171px","calc":{"operator":"Count all","result":null}},{"id":"20241127231309-jgde231","wrap":true,"hidden":false,"pin":false,"width":"269px","calc":{"operator":"","result":null}},{"id":"20241127231309-5w6beuy","wrap":false,"hidden":false,"pin":false,"width":"70px"},{"id":"20241127231309-apkvit5","wrap":false,"hidden":false,"pin":false,"width":"80px"},{"id":"20241127231309-uhksoq9","wrap":false,"hidden":true,"pin":false,"width":""},{"id":"20241127231309-7mts75o","wrap":false,"hidden":true,"pin":false,"width":""},{"id":"20241127231309-kdxmjnw","wrap":false,"hidden":false,"pin":false,"width":"107px"},{"id":"20241127231309-oa9jcwk","wrap":false,"hidden":false,"pin":false,"width":"107px"},{"id":"20251208161930-95zikx4","wrap":false,"hidden":false,"pin":false,"width":""},{"id":"20241127231309-ycrbbum","wrap":false,"hidden":true,"pin":false,"width":"76px"},{"id":"20241127231309-tuam05v","wrap":false,"hidden":true,"pin":false,"width":"72px"}],"rowIds":["20250515164620-ivyu91o","20250508143731-wcrf9ko"]},"itemIds":["20251216214517-qpdds2t","20251216214552-7aiqhvf","20251216214737-7580u36","20251217010616-85zezss","20251216214705-jsqvq0h","20251215214449-4778jkc","20251213192258-7bohljm","20251213192231-xdi4hke","20251213192144-7ujc2s8","20251211202612-xfoqmqt","20251209103817-r7p5mgb","20251209103638-0rijno6","20251208214918-xz3moz4","20251211144541-yp670tr","20251208212803-f9msn3m","20251208161134-4z1qsoi","20250515164620-ivyu91o","20250508143731-wcrf9ko"],"groupCreated":0,"groupItemIds":null,"groupFolded":false,"groupHidden":0,"groupSort":0},{"id":"20241127231309-exd0sys","icon":"2b06-fe0f","name":"今天","hideAttrViewName":true,"desc":"自动根据日期筛选今日任务","filters":[{"column":"20241127231309-apkvit5","operator":"Contains","value":{"type":"template","mSelect":[{"content":"备忘","color":"4"}],"template":{"content":"↑"},"checkbox":{"checked":false}}},{"column":"20241127231309-5w6beuy","operator":"!=","value":{"type":"select","mSelect":[{"content":"完成","color":"8"}]}},{"column":"20241127231309-92c8wuf","operator":"Contains","value":{"type":"template","template":{"content":"🔲"}}}],"sorts":[{"column":"20241127231309-9jnwwui","order":"DESC"},{"column":"20241127231309-tuam05v","order":"ASC"},{"column":"20241127231309-4dl6nrq","order":"ASC"},{"column":"20241127231309-1gn9ty8","order":"ASC"},{"column":"20241127231309-5w6beuy","order":"ASC"},{"column":"20241127231309-apkvit5","order":"ASC"},{"column":"20241127231309-oa9jcwk","order":"ASC"}],"pageSize":50,"type":"table","table":{"spec":0,"id":"20241127231309-if9mwx9","showIcon":true,"wrapField":false,"filters":[{"column":"20241127231309-92c8wuf","operator":"Contains","value":{"type":"template","mSelect":[{"content":"备忘","color":"4"}],"template":{"content":"🔲"},"checkbox":{"checked":false}}},{"column":"20241127231309-apkvit5","operator":"Contains","value":{"type":"template","mSelect":[{"content":"备忘","color":"4"}],"template":{"content":"↑"},"checkbox":{"checked":false}}}],"sorts":[{"column":"20241127231309-9jnwwui","order":"DESC"},{"column":"20241127231309-tuam05v","order":"ASC"},{"column":"20241127231309-4dl6nrq","order":"ASC"},{"column":"20241127231309-1gn9ty8","order":"ASC"},{"column":"20241127231309-5w6beuy","order":"ASC"},{"column":"20241127231309-apkvit5","order":"ASC"},{"column":"20241127231309-oa9jcwk","order":"ASC"}],"pageSize":50,"columns":[{"id":"20241127231309-92c8wuf","wrap":false,"hidden":true,"pin":false,"width":"77px","calc":{"operator":"Count values","result":null}},{"id":"20241127231309-9jnwwui","wrap":false,"hidden":false,"pin":false,"width":"32px"},{"id":"20241127231309-1gn9ty8","wrap":false,"hidden":false,"pin":false,"width":"55px"},{"id":"20241127231309-4dl6nrq","wrap":false,"hidden":false,"pin":false,"width":"171px","calc":{"operator":"Count all","result":null}},{"id":"20241127231309-jgde231","wrap":true,"hidden":false,"pin":false,"width":"270px","calc":{"operator":"","result":null}},{"id":"20241127231309-5w6beuy","wrap":false,"hidden":false,"pin":false,"width":"68px","calc":{"operator":"","result":null}},{"id":"20241127231309-apkvit5","wrap":false,"hidden":false,"pin":false,"width":"81px"},{"id":"20241127231309-kdxmjnw","wrap":false,"hidden":false,"pin":false,"width":"111px"},{"id":"20241127231309-oa9jcwk","wrap":false,"hidden":false,"pin":false,"width":"109px"},{"id":"20251208161930-95zikx4","wrap":false,"hidden":false,"pin":false,"width":""},{"id":"20241127231309-ycrbbum","wrap":false,"hidden":true,"pin":false,"width":"89px"},{"id":"20241127231309-tuam05v","wrap":false,"hidden":true,"pin":false,"width":"71px"},{"id":"20241127231309-uhksoq9","wrap":false,"hidden":true,"pin":false,"width":""},{"id":"20241127231309-7mts75o","wrap":false,"hidden":true,"pin":false,"width":""}],"rowIds":["20250515164620-ivyu91o","20250508143731-wcrf9ko"]},"itemIds":["20251216214517-qpdds2t","20251216214552-7aiqhvf","20251216214737-7580u36","20251217010616-85zezss","20251216214705-jsqvq0h","20251215214449-4778jkc","20251213192258-7bohljm","20251213192231-xdi4hke","20251213192144-7ujc2s8","20251211202612-xfoqmqt","20251209103817-r7p5mgb","20251209103638-0rijno6","20251208214918-xz3moz4","20251211144541-yp670tr","20251208212803-f9msn3m","20251208161134-4z1qsoi","20250515164620-ivyu91o","20250508143731-wcrf9ko"],"groupCreated":0,"groupItemIds":null,"groupFolded":false,"groupHidden":0,"groupSort":0},{"id":"20241127231309-md5bbw8","icon":"21a9-fe0f","name":"推迟","hideAttrViewName":true,"desc":"状态为推迟的任务","filters":[{"column":"20241127231309-92c8wuf","operator":"Contains","value":{"type":"template","mSelect":[{"content":"备忘","color":"4"}],"template":{"content":"🔲"},"checkbox":{"checked":false}}},{"column":"20241127231309-5w6beuy","operator":"=","value":{"type":"select","mSelect":[{"content":"推迟","color":"1"}],"template":{"content":"TODO"},"checkbox":{"checked":false}}}],"sorts":[{"column":"20241127231309-4dl6nrq","order":"ASC"},{"column":"20241127231309-7mts75o","order":"DESC"}],"pageSize":50,"type":"table","table":{"spec":0,"id":"20241127231309-anyaukn","showIcon":true,"wrapField":false,"filters":[{"column":"20241127231309-92c8wuf","operator":"Contains","value":{"type":"template","mSelect":[{"content":"备忘","color":"4"}],"template":{"content":"🔲"},"checkbox":{"checked":false}}},{"column":"","operator":"Is false","value":{"type":"checkbox","mSelect":[{"content":"备忘","color":"4"}],"template":{"content":"TODO"},"checkbox":{"checked":false}}},{"column":"20241127231309-5w6beuy","operator":"=","value":{"type":"select","mSelect":[{"content":"推迟","color":"1"}],"template":{"content":"TODO"},"checkbox":{"checked":false}}}],"sorts":[{"column":"20241127231309-4dl6nrq","order":"ASC"},{"column":"20241127231309-7mts75o","order":"DESC"}],"pageSize":50,"columns":[{"id":"20241127231309-92c8wuf","wrap":false,"hidden":true,"pin":false,"width":"37px","calc":{"operator":"Count values","result":null}},{"id":"20241127231309-9jnwwui","wrap":false,"hidden":false,"pin":false,"width":"32px"},{"id":"20241127231309-1gn9ty8","wrap":false,"hidden":false,"pin":false,"width":"42px"},{"id":"20241127231309-4dl6nrq","wrap":false,"hidden":false,"pin":false,"width":"156px"},{"id":"20241127231309-jgde231","wrap":true,"hidden":false,"pin":false,"width":"290px","calc":{"operator":"","result":null}},{"id":"20241127231309-5w6beuy","wrap":false,"hidden":false,"pin":false,"width":"71px"},{"id":"20241127231309-apkvit5","wrap":false,"hidden":false,"pin":false,"width":"76px"},{"id":"20241127231309-kdxmjnw","wrap":false,"hidden":false,"pin":false,"width":"111px"},{"id":"20241127231309-oa9jcwk","wrap":false,"hidden":false,"pin":false,"width":"113px"},{"id":"20251208161930-95zikx4","wrap":false,"hidden":false,"pin":false,"width":""},{"id":"20241127231309-ycrbbum","wrap":false,"hidden":true,"pin":false,"width":"86px"},{"id":"20241127231309-tuam05v","wrap":false,"hidden":true,"pin":false,"width":""},{"id":"20241127231309-uhksoq9","wrap":false,"hidden":true,"pin":false,"width":"178px"},{"id":"20241127231309-7mts75o","wrap":false,"hidden":true,"pin":false,"width":""}],"rowIds":["20250515164620-ivyu91o","20250508143731-wcrf9ko"]},"itemIds":["20251216214517-qpdds2t","20251216214552-7aiqhvf","20251216214737-7580u36","20251217010616-85zezss","20251216214705-jsqvq0h","20251215214449-4778jkc","20251213192258-7bohljm","20251213192231-xdi4hke","20251213192144-7ujc2s8","20251211202612-xfoqmqt","20251209103817-r7p5mgb","20251209103638-0rijno6","20251208214918-xz3moz4","20251211144541-yp670tr","20251208212803-f9msn3m","20251208161134-4z1qsoi","20250515164620-ivyu91o","20250508143731-wcrf9ko"],"groupCreated":0,"groupItemIds":null,"groupFolded":false,"groupHidden":0,"groupSort":0},{"id":"20241127231309-gfthetf","icon":"1f5d2-fe0f","name":"备忘","hideAttrViewName":true,"desc":"状态为备忘的任务","filters":[{"column":"20241127231309-5w6beuy","operator":"=","value":{"type":"select","mSelect":[{"content":"修改一次","color":"11"}],"checkbox":{"checked":false}}},{"column":"20241127231309-92c8wuf","operator":"Does not contains","value":{"type":"template","template":{"content":"完成"}}}],"sorts":[{"column":"20241127231309-5w6beuy","order":"DESC"},{"column":"20241127231309-uhksoq9","order":"DESC"}],"pageSize":50,"type":"table","table":{"spec":0,"id":"20241127231309-isgow50","showIcon":true,"wrapField":false,"filters":[{"column":"20241127231309-5w6beuy","operator":"=","value":{"type":"select","mSelect":[{"content":"备忘","color":"4"}],"checkbox":{"checked":false}}},{"column":"20241127231309-92c8wuf","operator":"Does not contains","value":{"type":"template","template":{"content":"完成"}}}],"sorts":[{"column":"20241127231309-5w6beuy","order":"DESC"},{"column":"20241127231309-uhksoq9","order":"DESC"}],"pageSize":50,"columns":[{"id":"20241127231309-9jnwwui","wrap":false,"hidden":false,"pin":false,"width":"31px"},{"id":"20241127231309-1gn9ty8","wrap":false,"hidden":false,"pin":false,"width":"41px"},{"id":"20241127231309-92c8wuf","wrap":false,"hidden":true,"pin":false,"width":"34px","calc":{"operator":"Count values","result":null}},{"id":"20241127231309-4dl6nrq","wrap":false,"hidden":false,"pin":false,"width":"126px"},{"id":"20241127231309-jgde231","wrap":true,"hidden":false,"pin":false,"width":"336px"},{"id":"20241127231309-5w6beuy","wrap":false,"hidden":false,"pin":false,"width":"68px"},{"id":"20241127231309-apkvit5","wrap":false,"hidden":false,"pin":false,"width":"78px"},{"id":"20241127231309-kdxmjnw","wrap":false,"hidden":false,"pin":false,"width":"115px"},{"id":"20241127231309-oa9jcwk","wrap":false,"hidden":false,"pin":false,"width":"123px"},{"id":"20251208161930-95zikx4","wrap":false,"hidden":false,"pin":false,"width":""},{"id":"20241127231309-ycrbbum","wrap":false,"hidden":true,"pin":false,"width":"83px"},{"id":"20241127231309-tuam05v","wrap":false,"hidden":true,"pin":false,"width":""},{"id":"20241127231309-uhksoq9","wrap":false,"hidden":true,"pin":false,"width":""},{"id":"20241127231309-7mts75o","wrap":false,"hidden":true,"pin":false,"width":""}],"rowIds":["20250515164620-ivyu91o","20250508143731-wcrf9ko"]},"itemIds":["20251216214517-qpdds2t","20251216214552-7aiqhvf","20251216214737-7580u36","20251217010616-85zezss","20251216214705-jsqvq0h","20251215214449-4778jkc","20251213192258-7bohljm","20251213192231-xdi4hke","20251213192144-7ujc2s8","20251211202612-xfoqmqt","20251209103817-r7p5mgb","20251209103638-0rijno6","20251208214918-xz3moz4","20251211144541-yp670tr","20251208212803-f9msn3m","20251208161134-4z1qsoi","20250515164620-ivyu91o","20250508143731-wcrf9ko"],"groupCreated":0,"groupItemIds":null,"groupFolded":false,"groupHidden":0,"groupSort":0},{"id":"20241127231309-b2h7fns","icon":"2705","name":"完成","hideAttrViewName":true,"desc":"任务块或状态列为完成的任务","filters":[{"column":"20241127231309-92c8wuf","operator":"Contains","value":{"type":"template","mSelect":[{"content":"完成","color":"7"}],"template":{"content":"完成"},"checkbox":{"checked":true}}}],"sorts":[{"column":"20241127231309-7mts75o","order":"DESC"}],"pageSize":50,"type":"table","table":{"spec":0,"id":"20241127231309-er2wu4f","showIcon":true,"wrapField":false,"filters":[{"column":"20241127231309-92c8wuf","operator":"Contains","value":{"type":"template","mSelect":[{"content":"完成","color":"7"}],"template":{"content":"完成"},"checkbox":{"checked":true}}}],"sorts":[{"column":"20241127231309-7mts75o","order":"DESC"}],"pageSize":50,"columns":[{"id":"20241127231309-92c8wuf","wrap":false,"hidden":false,"pin":false,"width":"92px","calc":{"operator":"Count values","result":null}},{"id":"20241127231309-9jnwwui","wrap":false,"hidden":false,"pin":false,"width":"32px"},{"id":"20241127231309-1gn9ty8","wrap":false,"hidden":false,"pin":false,"width":"42px"},{"id":"20241127231309-4dl6nrq","wrap":false,"hidden":false,"pin":false,"width":"186px"},{"id":"20241127231309-jgde231","wrap":true,"hidden":false,"pin":false,"width":"219px"},{"id":"20241127231309-5w6beuy","wrap":false,"hidden":false,"pin":false,"width":"71px"},{"id":"20241127231309-apkvit5","wrap":false,"hidden":false,"pin":false,"width":"78px"},{"id":"20241127231309-kdxmjnw","wrap":false,"hidden":false,"pin":false,"width":"116px"},{"id":"20241127231309-oa9jcwk","wrap":false,"hidden":false,"pin":false,"width":"119px"},{"id":"20251208161930-95zikx4","wrap":false,"hidden":false,"pin":false,"width":""},{"id":"20241127231309-ycrbbum","wrap":false,"hidden":true,"pin":false,"width":"77px"},{"id":"20241127231309-tuam05v","wrap":false,"hidden":true,"pin":false,"width":""},{"id":"20241127231309-uhksoq9","wrap":false,"hidden":false,"pin":false,"width":"169px"},{"id":"20241127231309-7mts75o","wrap":false,"hidden":false,"pin":false,"width":"171px"}],"rowIds":["20250515164620-ivyu91o","20250508143731-wcrf9ko"]},"itemIds":["20251216214517-qpdds2t","20251216214552-7aiqhvf","20251216214737-7580u36","20251217010616-85zezss","20251216214705-jsqvq0h","20251215214449-4778jkc","20251213192258-7bohljm","20251213192231-xdi4hke","20251213192144-7ujc2s8","20251211202612-xfoqmqt","20251209103817-r7p5mgb","20251209103638-0rijno6","20251208214918-xz3moz4","20251211144541-yp670tr","20251208212803-f9msn3m","20251208161134-4z1qsoi","20250515164620-ivyu91o","20250508143731-wcrf9ko"],"groupCreated":0,"groupItemIds":null,"groupFolded":false,"groupHidden":0,"groupSort":0}]}